Year,Decades,MiddleClimate,Tm,Pm,Model_PJ4,Rs_Annomaly,Tm_Annomaly,Pm_Annomaly
1961,1990s,A,25.024097,149.351708,22.54493686,0.005,-0.163,4.981
1962,1990s,A,24.894814,151.889652,22.44769825,-0.092,-0.292,7.519
1963,1990s,A,25.034825,143.851397,22.42621232,-0.114,-0.152,-0.52
1964,1990s,A,24.893844,151.144114,22.46164534,-0.078,-0.293,6.773
1965,1990s,A,24.922017,142.620567,22.54073706,0.001,-0.265,-1.75
1966,1990s,A,25.095747,147.33723,22.57109806,0.031,-0.091,2.966
1967,1990s,A,24.881038,145.209198,22.50390495,-0.036,-0.306,0.838
1968,1990s,A,24.787245,148.267719,22.47779454,-0.062,-0.4,3.897
1969,1990s,A,25.237553,147.056064,22.52477068,-0.015,0.05,2.685
1970,1990s,A,25.069838,149.51051,22.41435053,-0.126,-0.117,5.14
1971,1990s,A,24.598437,148.248094,22.45229797,-0.088,-0.589,3.877
1972,1990s,A,24.977367,140.976911,22.63226823,0.092,-0.21,-3.394
1973,1990s,A,25.245783,152.317841,22.57942277,0.039,0.059,7.947
1974,1990s,A,24.713424,151.254751,22.60994755,0.07,-0.474,6.884
1975,1990s,A,24.760829,152.375568,22.56553154,0.026,-0.426,8.005
1976,1990s,A,24.748648,144.778472,22.51815992,-0.022,-0.439,0.407
1977,1990s,A,24.99963,147.725149,22.58698255,0.047,-0.188,3.354
1978,1990s,A,24.899781,152.14062,22.60602641,0.066,-0.287,7.77
1979,1990s,A,25.076857,146.204109,22.56074899,0.021,-0.11,1.833
1980,1990s,A,25.119288,144.924644,22.48735519,-0.053,-0.068,0.554
1981,1990s,A,24.942611,145.941329,22.45415285,-0.086,-0.245,1.57
1982,1990s,A,25.000293,142.636948,22.54575385,0.006,-0.187,-1.734
1983,1990s,A,25.27672,137.130581,22.3198974,-0.22,0.09,-7.24
1984,1990s,A,24.895172,146.664309,22.57469544,0.035,-0.292,2.293
1985,1990s,A,24.889646,146.560532,22.53158521,-0.008,-0.298,2.19
1986,1990s,A,24.977021,140.913561,22.57935611,0.039,-0.21,-3.457
1987,1990s,A,25.465491,133.470309,22.43845118,-0.101,0.278,-10.901
1988,1990s,A,25.217418,150.620617,22.46049953,-0.079,0.03,6.25
1989,1990s,A,24.800179,148.653805,22.55861036,0.019,-0.387,4.283
1990,1990s,A,25.195722,140.168153,22.66370775,0.124,0.009,-4.203
1991,1990s,A,25.201077,139.707273,22.5467765,0.007,0.014,-4.664
1992,1990s,A,25.135125,133.019786,22.43291703,-0.107,-0.052,-11.351
1993,1990s,A,25.165535,134.904972,22.54490512,0.005,-0.022,-9.466
1994,1990s,A,25.211536,144.267354,22.78915414,0.249,0.024,-0.104
1995,1990s,A,25.376566,141.159014,22.54818257,0.008,0.189,-3.212
1996,1990s,A,25.195664,143.167395,22.58097103,0.041,0.008,-1.204
1997,1990s,A,25.419776,134.326479,22.57478368,0.035,0.233,-10.045
1998,1990s,A,25.825455,137.271094,22.49184256,-0.048,0.638,-7.1
1999,1990s,A,25.15048,152.748676,22.63557107,0.096,-0.037,8.378
2000,1990s,A,25.158648,148.7044,22.60363704,0.064,-0.029,4.333
2001,2010s,A,25.345771,139.528901,22.65394205,0.114,0.159,-4.842
2002,2010s,A,25.595426,136.978736,22.58993308,0.05,0.408,-7.392
2003,2010s,A,25.537335,138.864687,22.60758928,0.068,0.35,-5.506
2004,2010s,A,25.4763,138.899529,22.58213144,0.042,0.289,-5.471
2005,2010s,A,25.740879,138.899529,22.59087448,0.051,0.554,-5.471
2006,2010s,A,25.530675,149.420855,22.69709165,0.157,0.343,5.05
2007,2010s,A,25.510269,145.672177,22.56082262,0.021,0.323,1.301
2008,2010s,A,25.340011,147.749154,22.47081115,-0.069,0.153,3.378
2009,2010s,A,25.639061,141.100534,22.56772222,0.028,0.452,-3.27
2010,2010s,A,25.931758,145.09251,22.44628583,-0.094,0.745,0.722
2011,2010s,A,25.385114,149.370403,22.487764,-0.052,0.198,4.999
2012,2010s,A,25.432029,139.58514,22.47230229,-0.068,0.245,-4.786
2013,2010s,A,25.549855,146.735944,22.55716683,0.017,0.363,2.365
2014,2010s,A,25.612301,138.914528,22.48476078,-0.055,0.425,-5.456
1961,1990s,B,19.158086,20.390979,16.47545976,-0.096,-0.348,-0.05
1962,1990s,B,19.333258,19.398446,16.53406535,-0.037,-0.173,-1.043
1963,1990s,B,19.462469,21.76076,16.58834482,0.017,-0.044,1.319
1964,1990s,B,18.846223,19.451015,16.33717653,-0.234,-0.66,-0.99
1965,1990s,B,19.206493,17.98171,16.49199936,-0.079,-0.3,-2.46
1966,1990s,B,19.268837,19.146617,16.50159048,-0.07,-0.238,-1.295
1967,1990s,B,18.876279,22.303261,16.37861598,-0.193,-0.63,1.862
1968,1990s,B,18.934046,21.302013,16.37387406,-0.198,-0.572,0.861
1969,1990s,B,19.182025,20.432363,16.48425612,-0.087,-0.324,-0.009
1970,1990s,B,19.202476,17.545172,16.48311539,-0.088,-0.304,-2.896
1971,1990s,B,19.02088,19.404918,16.40911727,-0.162,-0.486,-1.036
1972,1990s,B,18.962826,18.781056,16.37755334,-0.194,-0.544,-1.66
1973,1990s,B,19.341949,21.57035,16.50429852,-0.067,-0.165,1.129
1974,1990s,B,18.752759,24.773527,16.31484442,-0.257,-0.754,4.332
1975,1990s,B,18.940294,21.905386,16.37328941,-0.198,-0.566,1.464
1976,1990s,B,18.691264,22.709923,16.24439164,-0.327,-0.815,2.269
1977,1990s,B,19.304166,21.269068,16.54995302,-0.021,-0.202,0.828
1978,1990s,B,19.192493,22.549896,16.48290972,-0.089,-0.314,2.109
1979,1990s,B,19.519656,20.794772,16.57500459,0.004,0.013,0.353
1980,1990s,B,19.552423,19.750091,16.60054686,0.029,0.046,-0.691
1981,1990s,B,19.459513,22.183821,16.58709998,0.016,-0.047,1.743
1982,1990s,B,19.142841,19.980213,16.43937861,-0.132,-0.364,-0.461
1983,1990s,B,19.480449,19.639925,16.54852854,-0.023,-0.026,-0.801
1984,1990s,B,18.964669,18.890322,16.37849474,-0.193,-0.542,-1.551
1985,1990s,B,19.226964,18.193991,16.48720411,-0.084,-0.28,-2.247
1986,1990s,B,19.335344,18.726943,16.50747504,-0.064,-0.171,-1.714
1987,1990s,B,19.688365,18.446896,16.62711623,0.056,0.182,-1.994
1988,1990s,B,19.640187,20.907286,16.62451801,0.053,0.134,0.466
1989,1990s,B,19.369594,19.560492,16.51704522,-0.054,-0.137,-0.881
1990,1990s,B,19.801958,18.464717,16.68434241,0.113,0.295,-1.977
1991,1990s,B,19.488875,20.656796,16.59058692,0.019,-0.018,0.215
1992,1990s,B,19.159444,19.942525,16.43626748,-0.135,-0.347,-0.499
1993,1990s,B,19.310366,20.831212,16.47479195,-0.097,-0.196,0.39
1994,1990s,B,19.573376,20.508184,16.62082985,0.049,0.067,0.067
1995,1990s,B,19.731261,20.523974,16.65436546,0.083,0.225,0.083
1996,1990s,B,19.582596,20.073455,16.59830476,0.027,0.076,-0.368
1997,1990s,B,19.637873,22.595175,16.62018362,0.049,0.131,2.154
1998,1990s,B,20.067609,21.474069,16.74964827,0.178,0.561,1.033
1999,1990s,B,19.958047,20.809263,16.73349463,0.162,0.452,0.368
2000,1990s,B,19.648691,22.935784,16.61960406,0.048,0.142,2.494
2001,2010s,B,19.938471,21.231394,16.73843271,0.167,0.432,0.79
2002,2010s,B,20.036893,17.835148,16.68549456,0.114,0.53,-2.606
2003,2010s,B,19.954152,21.143717,16.67308304,0.102,0.448,0.702
2004,2010s,B,20.017371,20.534589,16.76220643,0.191,0.511,0.093
2005,2010s,B,20.130644,20.534589,16.75882551,0.187,0.624,0.093
2006,2010s,B,19.982907,21.586802,16.73805945,0.167,0.476,1.145
2007,2010s,B,20.081177,19.812565,16.755868,0.184,0.575,-0.629
2008,2010s,B,19.882677,18.929656,16.67607547,0.105,0.376,-1.512
2009,2010s,B,20.152181,19.328861,16.76009256,0.189,0.646,-1.112
2010,2010s,B,20.347487,22.746164,16.87690193,0.305,0.841,2.305
2011,2010s,B,19.633291,22.5253,16.63088755,0.059,0.127,2.084
2012,2010s,B,19.78387,19.600459,16.65550746,0.084,0.277,-0.841
2013,2010s,B,20.211848,19.277815,16.79125341,0.22,0.705,-1.164
2014,2010s,B,20.179188,20.177602,16.77574091,0.204,0.673,-0.264
1961,1990s,Cf,14.061125,96.699461,6.903656868,0.055,0.128,5.652
1962,1990s,Cf,13.604681,85.354905,6.700808582,-0.148,-0.329,-5.692
1963,1990s,Cf,13.593056,86.952044,6.761212554,-0.088,-0.341,-4.095
1964,1990s,Cf,13.587446,88.539287,6.742875214,-0.106,-0.346,-2.508
1965,1990s,Cf,13.605603,91.916873,6.748728664,-0.1,-0.328,0.87
1966,1990s,Cf,13.787968,92.222126,6.810614883,-0.038,-0.146,1.175
1967,1990s,Cf,13.830445,89.037113,6.81762747,-0.031,-0.103,-2.01
1968,1990s,Cf,13.637397,88.880365,6.754043807,-0.095,-0.296,-2.167
1969,1990s,Cf,13.548453,89.631147,6.74076198,-0.108,-0.385,-1.416
1970,1990s,Cf,13.637154,92.120839,6.760735822,-0.088,-0.296,1.074
1971,1990s,Cf,13.70085,88.020622,6.767988361,-0.081,-0.233,-3.027
1972,1990s,Cf,13.630447,94.210326,6.767890603,-0.081,-0.303,3.163
1973,1990s,Cf,13.829917,98.182293,6.843456031,-0.005,-0.104,7.135
1974,1990s,Cf,13.813946,93.926968,6.815532009,-0.033,-0.12,2.88
1975,1990s,Cf,13.932237,96.139373,6.861579444,0.013,-0.001,5.092
1976,1990s,Cf,13.369459,88.752012,6.66610177,-0.183,-0.564,-2.295
1977,1990s,Cf,13.968707,92.786562,6.864860703,0.016,0.035,1.739
1978,1990s,Cf,13.587892,87.724136,6.716468354,-0.132,-0.346,-3.323
1979,1990s,Cf,13.634732,93.598795,6.770109213,-0.079,-0.299,2.552
1980,1990s,Cf,13.705384,90.585331,6.734985975,-0.114,-0.228,-0.462
1981,1990s,Cf,13.865394,90.549444,6.82378816,-0.025,-0.068,-0.498
1982,1990s,Cf,13.944991,91.597884,6.865407262,0.017,0.011,0.551
1983,1990s,Cf,13.884083,95.838109,6.83048208,-0.018,-0.049,4.791
1984,1990s,Cf,13.618255,91.349448,6.73896043,-0.11,-0.315,0.302
1985,1990s,Cf,13.642269,85.487373,6.772313224,-0.076,-0.291,-5.56
1986,1990s,Cf,13.897093,87.115998,6.81790678,-0.031,-0.036,-3.931
1987,1990s,Cf,13.781737,89.508687,6.798650256,-0.05,-0.152,-1.538
1988,1990s,Cf,13.849387,84.648029,6.77184157,-0.077,-0.084,-6.399
1989,1990s,Cf,14.00639,89.276558,6.86861171,0.02,0.073,-1.771
1990,1990s,Cf,14.439143,95.047887,6.989486305,0.141,0.506,4.001
1991,1990s,Cf,14.010347,90.370425,6.869756881,0.021,0.077,-0.677
1992,1990s,Cf,13.827202,95.072828,6.84049471,-0.008,-0.106,4.026
1993,1990s,Cf,13.65579,93.270871,6.752315894,-0.096,-0.278,2.224
1994,1990s,Cf,14.282491,93.2273,6.966643187,0.118,0.349,2.18
1995,1990s,Cf,13.965055,89.341682,6.843416039,-0.005,0.031,-1.705
1996,1990s,Cf,13.470883,91.058767,6.693029163,-0.156,-0.463,0.012
1997,1990s,Cf,13.972181,93.016308,6.875073928,0.026,0.039,1.969
1998,1990s,Cf,14.407082,96.120361,6.989447583,0.141,0.474,5.073
1999,1990s,Cf,14.265421,86.068765,6.933013623,0.084,0.332,-4.978
2000,1990s,Cf,14.148379,89.012297,6.897001036,0.048,0.215,-2.035
2001,2010s,Cf,14.198588,90.138609,6.945633359,0.097,0.265,-0.909
2002,2010s,Cf,14.333331,96.29473,7.010025751,0.161,0.4,5.248
2003,2010s,Cf,14.123849,86.272621,6.918923066,0.07,0.19,-4.775
2004,2010s,Cf,14.158516,90.964019,6.964314757,0.116,0.225,-0.083
2005,2010s,Cf,14.155538,90.964019,6.939921468,0.091,0.222,-0.083
2006,2010s,Cf,14.406815,87.625496,6.988471902,0.14,0.473,-3.422
2007,2010s,Cf,14.381746,88.481582,6.992055958,0.143,0.448,-2.566
2008,2010s,Cf,14.142082,88.560902,6.904436397,0.056,0.209,-2.486
2009,2010s,Cf,14.247187,92.682116,6.927426153,0.079,0.314,1.635
2010,2010s,Cf,13.947148,93.365926,6.867175802,0.018,0.014,2.319
2011,2010s,Cf,14.308444,86.918875,6.940911115,0.092,0.375,-4.128
2012,2010s,Cf,14.443114,92.008023,7.003925365,0.155,0.51,0.961
2013,2010s,Cf,14.146756,92.226663,6.91509144,0.066,0.213,1.18
2014,2010s,Cf,14.419426,97.782251,7.026447912,0.178,0.486,6.735
1961,1990s,Cs,14.149635,55.462176,1.942424255,0.006,0.067,1.524
1962,1990s,Cs,14.132805,54.571137,1.928674583,-0.008,0.05,0.633
1963,1990s,Cs,13.973477,63.563489,1.95995096,0.023,-0.109,9.625
1964,1990s,Cs,13.490773,52.914596,1.901229832,-0.035,-0.592,-1.024
1965,1990s,Cs,13.78688,54.517033,1.927257719,-0.009,-0.295,0.579
1966,1990s,Cs,14.28788,54.947843,1.941177516,0.005,0.206,1.01
1967,1990s,Cs,13.684106,54.328223,1.923441963,-0.013,-0.398,0.39
1968,1990s,Cs,13.81266,57.310616,1.947596569,0.011,-0.27,3.372
1969,1990s,Cs,13.602339,62.518108,1.925539328,-0.011,-0.48,8.58
1970,1990s,Cs,13.956056,53.303514,1.932840112,-0.004,-0.126,-0.635
1971,1990s,Cs,13.494188,56.785911,1.923893303,-0.013,-0.588,2.848
1972,1990s,Cs,13.304194,56.962697,1.91143544,-0.025,-0.778,3.024
1973,1990s,Cs,13.769132,53.613501,1.905951441,-0.031,-0.313,-0.325
1974,1990s,Cs,13.614088,52.790209,1.907455272,-0.029,-0.468,-1.148
1975,1990s,Cs,13.571459,54.953717,1.90716771,-0.029,-0.511,1.015
1976,1990s,Cs,13.483484,54.431217,1.932263717,-0.004,-0.599,0.493
1977,1990s,Cs,13.993842,53.738815,1.949048347,0.012,-0.089,-0.199
1978,1990s,Cs,13.920503,58.42899,1.946399979,0.01,-0.162,4.491
1979,1990s,Cs,14.124849,56.553597,1.946173992,0.01,0.042,2.615
1980,1990s,Cs,13.912402,55.089076,1.928076606,-0.009,-0.17,1.151
1981,1990s,Cs,14.283584,54.13677,1.964870626,0.028,0.201,0.198
1982,1990s,Cs,13.730691,55.837928,1.932796311,-0.004,-0.352,1.9
1983,1990s,Cs,13.962031,56.888114,1.943011441,0.006,-0.12,2.95
1984,1990s,Cs,13.615566,54.007191,1.917160661,-0.019,-0.467,0.069
1985,1990s,Cs,14.023125,49.107227,1.907660311,-0.029,-0.059,-4.831
1986,1990s,Cs,14.101025,53.217722,1.936832976,0,0.019,-0.721
1987,1990s,Cs,14.261779,52.951339,1.939016038,0.002,0.179,-0.987
1988,1990s,Cs,14.202943,52.081045,1.946566296,0.01,0.121,-1.857
1989,1990s,Cs,14.235125,46.763229,1.923066164,-0.014,0.153,-7.175
1990,1990s,Cs,14.278371,49.882648,1.941374303,0.005,0.196,-4.056
1991,1990s,Cs,13.900452,51.68728,1.925124172,-0.011,-0.182,-2.251
1992,1990s,Cs,13.688679,51.423108,1.949109922,0.013,-0.394,-2.515
1993,1990s,Cs,13.605371,52.931466,1.925034665,-0.012,-0.477,-1.007
1994,1990s,Cs,14.362748,52.293737,1.942287774,0.006,0.28,-1.645
1995,1990s,Cs,14.335433,54.321185,1.96763516,0.031,0.253,0.383
1996,1990s,Cs,14.109389,61.547934,1.948014899,0.011,0.027,7.61
1997,1990s,Cs,14.193031,57.740279,1.967022583,0.03,0.111,3.802
1998,1990s,Cs,14.363081,53.880267,1.935200916,-0.001,0.281,-0.058
1999,1990s,Cs,14.387245,50.629461,1.932562071,-0.004,0.305,-3.309
2000,1990s,Cs,14.214534,50.765096,1.911510346,-0.025,0.132,-3.173
2001,2010s,Cs,14.50893,51.53344,1.946229219,0.01,0.427,-2.405
2002,2010s,Cs,14.339849,51.838964,1.960463875,0.024,0.257,-2.099
2003,2010s,Cs,14.463553,55.49169,1.94580708,0.009,0.381,1.553
2004,2010s,Cs,14.393993,50.541849,1.965371479,0.029,0.312,-3.396
2005,2010s,Cs,14.232811,50.541849,1.927177735,-0.009,0.15,-3.396
2006,2010s,Cs,14.411207,53.249928,1.93133882,-0.005,0.329,-0.688
2007,2010s,Cs,14.203616,46.175893,1.926738457,-0.01,0.121,-7.762
2008,2010s,Cs,14.233748,49.068177,1.902246775,-0.034,0.151,-4.87
2009,2010s,Cs,14.46688,53.248162,1.943482459,0.007,0.385,-0.69
2010,2010s,Cs,14.751213,55.806794,1.972885555,0.036,0.669,1.868
2011,2010s,Cs,14.366691,53.811535,1.943498964,0.007,0.284,-0.127
2012,2010s,Cs,14.634628,56.018027,1.914700829,-0.022,0.552,2.08
2013,2010s,Cs,14.576459,51.774725,1.965506056,0.029,0.494,-2.164
2014,2010s,Cs,14.945534,54.689572,1.987424277,0.051,0.863,0.751
1961,1990s,Cw,18.444965,107.909295,2.795579327,0.04,-0.018,6.887
1962,1990s,Cw,18.170679,100.265258,2.710752866,-0.045,-0.292,-0.757
1963,1990s,Cw,18.231886,103.081119,2.70956072,-0.046,-0.231,2.059
1964,1990s,Cw,18.102365,105.137458,2.715306254,-0.04,-0.36,4.116
1965,1990s,Cw,18.198802,97.591444,2.724916424,-0.031,-0.264,-3.43
1966,1990s,Cw,18.546955,97.035924,2.747562121,-0.008,0.084,-3.986
1967,1990s,Cw,18.130161,100.796696,2.742203177,-0.013,-0.332,-0.225
1968,1990s,Cw,18.079662,101.675719,2.730203002,-0.025,-0.383,0.654
1969,1990s,Cw,18.426867,100.757005,2.722095393,-0.034,-0.036,-0.265
1970,1990s,Cw,18.311119,102.230603,2.724993235,-0.031,-0.152,1.209
1971,1990s,Cw,17.941045,103.791946,2.719513045,-0.036,-0.522,2.77
1972,1990s,Cw,18.293597,93.938947,2.739922991,-0.016,-0.169,-7.083
1973,1990s,Cw,18.481744,107.699526,2.761594912,0.006,0.019,6.678
1974,1990s,Cw,18.012111,110.972823,2.746662616,-0.009,-0.451,9.951
1975,1990s,Cw,18.215982,101.968039,2.749869603,-0.006,-0.247,0.946
1976,1990s,Cw,17.929868,102.203635,2.731087907,-0.025,-0.533,1.182
1977,1990s,Cw,18.30323,102.75508,2.76107057,0.005,-0.159,1.733
1978,1990s,Cw,18.247561,105.371366,2.759664498,0.004,-0.215,4.349
1979,1990s,Cw,18.436397,101.196525,2.755042552,-0.001,-0.026,0.175
1980,1990s,Cw,18.368983,99.880906,2.775925421,0.02,-0.094,-1.141
1981,1990s,Cw,18.262702,102.230033,2.748865356,-0.007,-0.2,1.208
1982,1990s,Cw,18.271187,98.506303,2.751295988,-0.004,-0.191,-2.516
1983,1990s,Cw,18.383191,103.876503,2.80674538,0.051,-0.079,2.855
1984,1990s,Cw,18.177091,104.121897,2.726070483,-0.03,-0.286,3.1
1985,1990s,Cw,18.244276,105.830765,2.754568994,-0.001,-0.218,4.809
1986,1990s,Cw,18.277482,98.252111,2.751870478,-0.004,-0.185,-2.77
1987,1990s,Cw,18.803597,96.974135,2.747673845,-0.008,0.341,-4.048
1988,1990s,Cw,18.577013,103.165022,2.744768386,-0.011,0.114,2.143
1989,1990s,Cw,18.268812,99.663965,2.737299381,-0.018,-0.194,-1.358
1990,1990s,Cw,18.565972,102.111181,2.801331844,0.046,0.103,1.089
1991,1990s,Cw,18.387619,101.124414,2.764876805,0.009,-0.075,0.102
1992,1990s,Cw,18.288504,93.744245,2.763922707,0.008,-0.174,-7.278
1993,1990s,Cw,18.29128,100.322464,2.755858899,0,-0.171,-0.699
1994,1990s,Cw,18.658147,99.838074,2.791762936,0.036,0.196,-1.184
1995,1990s,Cw,18.703773,94.584065,2.734843992,-0.021,0.241,-6.438
1996,1990s,Cw,18.414784,100.509866,2.755318053,0,-0.048,-0.512
1997,1990s,Cw,18.463929,99.372815,2.775613102,0.02,0.001,-1.649
1998,1990s,Cw,18.994516,101.242205,2.801287408,0.046,0.532,0.22
1999,1990s,Cw,18.658895,99.27159,2.721090511,-0.035,0.196,-1.75
2000,1990s,Cw,18.40213,101.615558,2.749734391,-0.006,-0.06,0.594
2001,2010s,Cw,18.70214,101.444773,2.75444394,-0.001,0.24,0.423
2002,2010s,Cw,18.912585,98.210305,2.7925869,0.037,0.45,-2.812
2003,2010s,Cw,18.779501,99.703611,2.811927851,0.056,0.317,-1.318
2004,2010s,Cw,18.617135,102.966166,2.788325518,0.033,0.155,1.944
2005,2010s,Cw,18.923279,102.966166,2.798343226,0.043,0.461,1.944
2006,2010s,Cw,18.851246,95.932803,2.749260199,-0.006,0.389,-5.089
2007,2010s,Cw,18.666564,102.704843,2.772569257,0.017,0.204,1.683
2008,2010s,Cw,18.458421,108.11941,2.742766241,-0.013,-0.004,7.097
2009,2010s,Cw,18.912917,94.473162,2.761649504,0.006,0.45,-6.549
2010,2010s,Cw,19.014105,103.977719,2.801549579,0.046,0.551,2.956
2011,2010s,Cw,18.548577,98.059148,2.756567966,0.001,0.086,-2.963
2012,2010s,Cw,18.818905,99.694323,2.735676209,-0.02,0.356,-1.328
2013,2010s,Cw,18.909804,99.867218,2.76358563,0.008,0.447,-1.155
2014,2010s,Cw,18.8976,94.44805,2.767476292,0.012,0.435,-6.574
1961,1990s,Df,-2.687665,41.434247,12.01196082,-0.074,-0.145,0.394
1962,1990s,Df,-2.450236,41.497476,11.97217056,-0.114,0.093,0.457
1963,1990s,Df,-2.744851,40.355348,11.91928384,-0.167,-0.202,-0.685
1964,1990s,Df,-3.385444,40.861321,11.692041,-0.394,-0.842,-0.179
1965,1990s,Df,-3.568624,41.710571,11.5075345,-0.578,-1.026,0.671
1966,1990s,Df,-3.876259,43.312808,11.78243969,-0.303,-1.333,2.273
1967,1990s,Df,-2.3945,40.933235,12.1194133,0.034,0.149,-0.107
1968,1990s,Df,-3.266258,41.480143,11.59669471,-0.489,-0.723,0.44
1969,1990s,Df,-3.880245,39.794507,11.43123144,-0.655,-1.337,-1.246
1970,1990s,Df,-3.226368,42.102416,11.833801,-0.252,-0.683,1.062
1971,1990s,Df,-2.88629,41.984906,11.86073665,-0.225,-0.343,0.945
1972,1990s,Df,-3.724979,40.346918,11.47259471,-0.613,-1.182,-0.693
1973,1990s,Df,-2.433284,42.400876,12.08989467,0.004,0.11,1.361
1974,1990s,Df,-3.337547,40.659768,11.82369442,-0.262,-0.794,-0.38
1975,1990s,Df,-2.225031,40.886981,12.13697047,0.051,0.318,-0.153
1976,1990s,Df,-3.363648,38.703327,11.53045633,-0.555,-0.821,-2.337
1977,1990s,Df,-2.788141,43.26009,12.12899554,0.043,-0.245,2.22
1978,1990s,Df,-3.112958,41.602591,11.50445193,-0.581,-0.57,0.563
1979,1990s,Df,-3.49354,42.021602,11.78732635,-0.298,-0.95,0.982
1980,1990s,Df,-3.022087,41.424283,11.7560779,-0.33,-0.479,0.384
1981,1990s,Df,-1.622972,41.975749,12.36214071,0.276,0.92,0.936
1982,1990s,Df,-3.179657,40.714362,11.74243932,-0.343,-0.637,-0.326
1983,1990s,Df,-1.943922,41.153541,12.18733579,0.102,0.599,0.114
1984,1990s,Df,-2.908151,38.961686,11.8110658,-0.275,-0.365,-2.078
1985,1990s,Df,-3.377956,40.527563,11.50833561,-0.577,-0.835,-0.512
1986,1990s,Df,-2.736585,39.78803,11.67805201,-0.408,-0.193,-1.252
1987,1990s,Df,-3.108375,39.028237,11.72823895,-0.358,-0.565,-2.012
1988,1990s,Df,-2.227423,40.84367,12.23293633,0.147,0.316,-0.196
1989,1990s,Df,-2.254309,40.972869,12.19471592,0.109,0.289,-0.067
1990,1990s,Df,-2.166985,43.713767,12.34910772,0.263,0.376,2.674
1991,1990s,Df,-2.127067,40.334584,12.4031631,0.317,0.416,-0.705
1992,1990s,Df,-2.819755,40.098859,11.46395197,-0.622,-0.277,-0.941
1993,1990s,Df,-2.502562,41.33988,11.75222597,-0.334,0.041,0.3
1994,1990s,Df,-2.705731,41.848842,12.2245621,0.139,-0.163,0.809
1995,1990s,Df,-1.578031,40.996577,12.36673346,0.281,0.965,-0.043
1996,1990s,Df,-2.998074,40.236487,11.652697,-0.433,-0.455,-0.804
1997,1990s,Df,-2.218749,40.563757,12.12636241,0.041,0.324,-0.476
1998,1990s,Df,-2.416256,41.348911,12.38812543,0.302,0.127,0.309
1999,1990s,Df,-2.203581,41.432984,12.31743968,0.232,0.34,0.393
2000,1990s,Df,-2.187753,41.853314,12.36609041,0.28,0.355,0.813
2001,2010s,Df,-1.983321,40.58944,12.6186762,0.533,0.56,-0.451
2002,2010s,Df,-2.127675,39.591913,12.27107611,0.185,0.415,-1.448
2003,2010s,Df,-1.863931,38.670107,12.46418156,0.378,0.679,-2.37
2004,2010s,Df,-2.544429,40.194259,12.0869981,0.001,-0.001,-0.846
2005,2010s,Df,-1.323973,40.194259,12.81486928,0.729,1.219,-0.846
2006,2010s,Df,-1.964014,41.033695,12.51842357,0.433,0.579,-0.006
2007,2010s,Df,-1.28926,42.256538,12.8292601,0.743,1.254,1.217
2008,2010s,Df,-1.703331,42.008231,12.50193475,0.416,0.84,0.968
2009,2010s,Df,-2.477241,39.846504,12.20834244,0.123,0.066,-1.194
2010,2010s,Df,-1.902798,40.881251,12.66529177,0.579,0.64,-0.159
2011,2010s,Df,-1.453142,42.66624,12.81276367,0.727,1.09,1.626
2012,2010s,Df,-1.694135,41.448936,12.95315442,0.867,0.849,0.409
2013,2010s,Df,-1.827179,41.436257,12.68120864,0.595,0.716,0.396
2014,2010s,Df,-2.021389,40.836912,12.39311112,0.307,0.522,-0.203
1961,1990s,Dsw,-0.99329,41.286009,2.099764047,-0.016,-0.297,2.512
1962,1990s,Dsw,-0.913566,39.363529,2.076842214,-0.039,-0.218,0.589
1963,1990s,Dsw,-0.520975,41.129611,2.125446605,0.009,0.175,2.355
1964,1990s,Dsw,-1.573187,40.966981,2.07685491,-0.039,-0.877,2.193
1965,1990s,Dsw,-1.608022,35.592556,2.01130846,-0.105,-0.912,-3.182
1966,1990s,Dsw,-1.635144,39.846728,2.075056534,-0.041,-0.939,1.072
1967,1990s,Dsw,-1.014207,39.841642,2.102312116,-0.014,-0.318,1.067
1968,1990s,Dsw,-0.865771,37.17496,2.088608785,-0.028,-0.17,-1.599
1969,1990s,Dsw,-2.282687,39.901032,2.045908627,-0.07,-1.587,1.127
1970,1990s,Dsw,-1.365282,37.878156,2.075936996,-0.04,-0.669,-0.896
1971,1990s,Dsw,-0.961671,38.372974,2.071350598,-0.045,-0.266,-0.401
1972,1990s,Dsw,-1.638277,38.53567,2.012946867,-0.103,-0.942,-0.239
1973,1990s,Dsw,-0.848576,38.682717,2.092885402,-0.023,-0.153,-0.092
1974,1990s,Dsw,-1.605427,37.619155,2.072895055,-0.043,-0.909,-1.155
1975,1990s,Dsw,-0.442632,37.769619,2.111575688,-0.005,0.253,-1.005
1976,1990s,Dsw,-1.456557,36.664694,2.022261857,-0.094,-0.761,-2.11
1977,1990s,Dsw,-1.244934,38.473422,2.096153964,-0.02,-0.549,-0.301
1978,1990s,Dsw,-0.851016,36.795774,2.078056578,-0.038,-0.155,-1.979
1979,1990s,Dsw,-0.952615,36.672796,2.064428152,-0.052,-0.257,-2.102
1980,1990s,Dsw,-1.195062,38.478945,2.106428765,-0.01,-0.499,-0.295
1981,1990s,Dsw,-0.840565,41.237303,2.11760815,0.001,-0.145,2.463
1982,1990s,Dsw,-0.761254,37.913276,2.079227141,-0.037,-0.065,-0.861
1983,1990s,Dsw,-0.65919,39.601222,2.103525845,-0.013,0.037,0.827
1984,1990s,Dsw,-1.398232,39.55413,2.073723463,-0.042,-0.702,0.78
1985,1990s,Dsw,-1.309848,39.793302,2.079333152,-0.037,-0.614,1.019
1986,1990s,Dsw,-0.740306,34.780199,2.043896325,-0.072,-0.044,-3.994
1987,1990s,Dsw,-1.264662,39.035149,2.064703019,-0.051,-0.569,0.261
1988,1990s,Dsw,-0.321285,39.400372,2.159159328,0.043,0.375,0.626
1989,1990s,Dsw,-0.196033,36.033355,2.062987801,-0.053,0.5,-2.741
1990,1990s,Dsw,0.104262,41.517006,2.175691309,0.059,0.8,2.743
1991,1990s,Dsw,-0.681188,39.371173,2.129782259,0.014,0.015,0.597
1992,1990s,Dsw,-0.648501,40.021058,2.090863578,-0.025,0.047,1.247
1993,1990s,Dsw,-0.487767,38.574495,2.080089193,-0.036,0.208,-0.2
1994,1990s,Dsw,-0.328945,42.603048,2.214605546,0.098,0.367,3.829
1995,1990s,Dsw,0.047487,37.804481,2.114740144,-0.001,0.743,-0.97
1996,1990s,Dsw,-0.867963,38.304541,2.074630586,-0.042,-0.172,-0.47
1997,1990s,Dsw,-0.106523,36.471852,2.125800821,0.01,0.589,-2.303
1998,1990s,Dsw,0.151967,41.446574,2.21274369,0.097,0.848,2.672
1999,1990s,Dsw,-0.333552,35.726406,2.106510019,-0.01,0.362,-3.048
2000,1990s,Dsw,-0.710558,38.228074,2.184221056,0.068,-0.015,-0.546
2001,2010s,Dsw,-0.335272,35.288156,2.17733289,0.061,0.361,-3.486
2002,2010s,Dsw,0.183735,35.671107,2.170195249,0.054,0.88,-3.103
2003,2010s,Dsw,-0.071281,38.255175,2.105202975,-0.011,0.625,-0.519
2004,2010s,Dsw,0.070117,36.216749,2.138411035,0.022,0.766,-2.558
2005,2010s,Dsw,-0.240982,36.216749,2.158475018,0.042,0.455,-2.558
2006,2010s,Dsw,-0.506946,38.618471,2.13828598,0.022,0.189,-0.156
2007,2010s,Dsw,0.649362,36.816541,2.209625575,0.093,1.345,-1.958
2008,2010s,Dsw,0.247922,38.827389,2.198119905,0.082,0.944,0.053
2009,2010s,Dsw,-0.555117,40.300107,2.147116621,0.031,0.141,1.526
2010,2010s,Dsw,-0.500572,41.633522,2.247663159,0.131,0.195,2.859
2011,2010s,Dsw,-0.173401,37.85564,2.154301237,0.038,0.523,-0.919
2012,2010s,Dsw,-0.847808,45.063493,2.214578884,0.098,-0.152,6.289
2013,2010s,Dsw,-0.285744,46.329122,2.234289921,0.118,0.41,7.555
2014,2010s,Dsw,0.106719,38.263273,2.180225653,0.064,0.803,-0.511
1961,1990s,E,-33.195621,17.737101,4.757504501,-0.211,-0.501,0.937
1962,1990s,E,-33.689997,18.601482,4.749780943,-0.219,-0.996,1.802
1963,1990s,E,-33.000695,19.546515,4.7137436,-0.255,-0.307,2.747
1964,1990s,E,-33.795783,26.276558,4.643779607,-0.325,-1.102,9.477
1965,1990s,E,-33.263358,18.763416,4.712322292,-0.256,-0.569,1.964
1966,1990s,E,-32.99288,24.912857,4.827109199,-0.141,-0.299,8.113
1967,1990s,E,-33.087073,23.550016,4.82729075,-0.141,-0.393,6.75
1968,1990s,E,-33.47768,20.114067,4.753151073,-0.215,-0.783,3.314
1969,1990s,E,-33.14563,19.655392,4.834390304,-0.134,-0.451,2.856
1970,1990s,E,-32.980498,16.730015,4.822581202,-0.146,-0.286,-0.07
1971,1990s,E,-33.049976,17.839146,4.873620669,-0.095,-0.356,1.04
1972,1990s,E,-33.068864,19.364857,4.660338249,-0.308,-0.375,2.565
1973,1990s,E,-33.112772,17.826147,4.89195293,-0.077,-0.419,1.027
1974,1990s,E,-32.897532,17.113115,4.904661537,-0.064,-0.203,0.314
1975,1990s,E,-33.147688,18.223005,4.869251372,-0.099,-0.454,1.423
1976,1990s,E,-33.501911,18.639526,4.768572161,-0.2,-0.808,1.84
1977,1990s,E,-33.069074,19.542882,4.894497826,-0.074,-0.375,2.743
1978,1990s,E,-33.140203,15.494058,4.703301213,-0.265,-0.446,-1.306
1979,1990s,E,-33.478745,17.169351,4.762841862,-0.206,-0.785,0.37
1980,1990s,E,-32.037449,17.313316,4.966776283,-0.002,0.657,0.514
1981,1990s,E,-32.203122,16.397868,4.991957987,0.023,0.491,-0.402
1982,1990s,E,-33.0663,17.780548,4.782105368,-0.186,-0.372,0.981
1983,1990s,E,-33.212899,15.81599,4.783034074,-0.186,-0.519,-0.984
1984,1990s,E,-32.450217,16.199911,4.974939119,0.006,0.244,-0.6
1985,1990s,E,-32.792499,13.840351,4.890906152,-0.078,-0.098,-2.959
1986,1990s,E,-33.022599,14.200972,4.777171737,-0.191,-0.328,-2.599
1987,1990s,E,-33.016438,16.170582,4.883712649,-0.085,-0.322,-0.629
1988,1990s,E,-31.848233,15.338031,5.079520417,0.111,0.846,-1.462
1989,1990s,E,-32.963955,14.710932,4.927870298,-0.041,-0.27,-2.089
1990,1990s,E,-32.550432,17.362737,4.998768709,0.03,0.144,0.563
1991,1990s,E,-32.222551,15.38803,5.057242267,0.089,0.472,-1.412
1992,1990s,E,-33.010034,15.228448,4.701031819,-0.268,-0.316,-1.571
1993,1990s,E,-33.598069,13.424629,4.848209168,-0.12,-0.904,-3.375
1994,1990s,E,-33.42845,13.446275,4.842826102,-0.126,-0.734,-3.353
1995,1990s,E,-32.863643,15.641391,5.005797165,0.037,-0.169,-1.158
1996,1990s,E,-32.223542,17.989091,4.979515995,0.011,0.471,1.189
1997,1990s,E,-32.899757,16.088608,5.027448137,0.059,-0.206,-0.711
1998,1990s,E,-32.360304,14.963593,5.244932904,0.276,0.334,-1.836
1999,1990s,E,-32.637821,14.72895,4.989959651,0.021,0.056,-2.071
2000,1990s,E,-32.520975,16.402746,5.047394683,0.079,0.173,-0.397
2001,2010s,E,-32.264832,15.087021,5.156580154,0.188,0.429,-1.713
2002,2010s,E,-31.846801,16.723907,5.219621066,0.251,0.847,-0.076
2003,2010s,E,-32.37082,16.437497,5.293782326,0.325,0.323,-0.362
2004,2010s,E,-32.659669,14.461635,5.137028451,0.168,0.035,-2.338
2005,2010s,E,-31.3024,14.461635,5.338882012,0.37,1.392,-2.338
2006,2010s,E,-31.88759,19.096897,5.288766807,0.32,0.807,2.297
2007,2010s,E,-31.424478,16.33661,5.298173207,0.33,1.27,-0.463
2008,2010s,E,-32.089666,14.534402,5.146942053,0.178,0.605,-2.265
2009,2010s,E,-31.69786,13.827737,5.211915917,0.243,0.996,-2.972
2010,2010s,E,-31.913737,13.796419,5.4365561,0.468,0.78,-3.003
2011,2010s,E,-31.714164,13.356112,5.312685269,0.344,0.98,-3.443
2012,2010s,E,-32.312192,13.948386,5.339598061,0.371,0.382,-2.851
2013,2010s,E,-31.790496,14.46167,5.200813978,0.232,0.904,-2.338
2014,2010s,E,-32.185989,15.116199,5.149209543,0.181,0.508,-1.683